fecha,ahorro_acumulado,salario_base
2026-05-25 11:56:39,-3160.0,8337.0
2026-05-25 12:05:12,-3774.0,8337.0
2026-05-25 12:06:24,-3958.0,8337.0
2026-05-25 12:06:54,-4007.0,8337.0
2026-05-25 12:08:38,-4475.36,8337.0
2026-05-25 12:10:31,-4659.36,8337.0
2026-05-25 12:11:02,-4754.36,8337.0
2026-05-25 12:12:17,-4808.36,8337.0
2026-05-25 12:12:39,-4916.360000000001,8337.0
2026-05-25 12:14:09,-5182.860000000001,8337.0
2026-05-25 12:17:50,-5277.860000000001,8337.0
2026-05-25 12:18:14,-5676.860000000001,8337.0
2026-05-25 12:18:52,-7925.120000000001,8337.0
2026-05-25 12:19:35,-8122.120000000001,8337.0
2026-05-25 12:20:20,-9799.12,8337.0
2026-05-25 12:21:05,-11071.6,8337.0
2026-05-25 12:21:29,-11143.6,8337.0
2026-05-25 12:22:07,-11633.7,8337.0
2026-05-25 12:22:38,-11633.7,8337.0
2026-05-25 13:50:13,-8473.7,8337.0
2026-05-25 14:02:41,951.66,8337.0
2026-05-25 14:03:16,8200.3,8337.0
2026-05-29 10:46:03,10254.53,8337.0
2026-05-29 11:02:08,10078.53,8337.0
2026-06-18 14:34:20,10078.53,8337.0
2026-06-18 14:36:51,18361.53,8337.0
2026-06-18 14:37:30,18289.53,8337.0
2026-06-18 14:38:50,18090.53,8337.0
2026-06-18 14:39:51,18090.53,8337.0
2026-06-18 14:41:16,17800.51,8337.0
2026-06-18 14:42:01,17554.25,8337.0
2026-06-18 14:42:33,17239.25,8337.0
2026-06-18 14:43:45,17211.25,8337.0
2026-06-18 14:45:29,17082.25,8337.0
2026-06-18 14:50:05,16950.25,8337.0
2026-07-02 14:39:21,16922.25,8337.0
2026-07-02 14:42:46,16790.25,8337.0
2026-07-02 14:43:41,16661.25,8337.0
2026-07-02 14:44:43,16462.25,8337.0
2026-07-02 14:45:22,16390.25,8337.0
2026-07-02 14:47:47,16336.249999999998,8337.0
2026-07-02 14:48:15,16345.049999999996,8337.0
2026-07-02 14:49:03,15701.959999999995,8337.0
2026-07-02 14:49:37,15377.959999999995,8337.0
2026-07-02 14:50:01,15342.959999999995,8337.0
2026-07-02 14:50:50,15244.159999999996,8337.0
2026-07-02 14:51:27,15009.159999999996,8337.0
2026-07-02 14:54:02,14760.009999999997,8337.0
2026-07-02 14:55:01,14428.149999999998,8337.0
2026-07-02 14:55:32,14303.149999999998,8337.0
2026-07-02 14:56:04,14254.149999999998,8337.0
2026-07-02 14:56:37,14219.149999999998,8337.0
2026-07-02 15:04:54,22431.15,8337.0
2026-07-05 16:57:53,22196.15,8337.0
2026-07-11 17:28:58,21636.25,8337.0
2026-07-11 17:29:55,21548.25,8337.0
2026-07-11 17:33:34,21458.26,8337.0
2026-07-11 17:34:00,16299.259999999998,8337.0
2026-07-11 17:35:11,21406.67,8337.0
2026-07-11 17:36:14,21271.06,8337.0
2026-07-11 17:36:40,20942.06,8337.0
2026-07-13 18:07:45,20817.06,8337.0
2026-07-14 19:10:23,20692.06,8337.0
2026-07-17 13:56:39,20293.06,8337.0
2026-07-17 13:57:35,20168.06,8337.0
2026-07-18 23:12:27,20168.06,8337.0
2026-07-24 08:31:03,20043.06,8337.0
2026-07-24 08:31:26,19941.86,8337.0
2026-07-24 08:31:55,19816.86,8337.0
2026-07-24 08:34:55,19666.869999999995,8337.0
2026-07-24 08:54:18,19145.38,8337.0
2026-07-24 09:00:46,19188.83,8337.0
2026-07-24 09:02:33,18999.08,8337.0
2026-07-24 09:03:31,18587.17,8337.0
2026-07-24 09:04:40,18289.1,8337.0
2026-07-25 14:04:54,18089.1,8337.0
2026-07-25 14:05:23,17891.01,8337.0
2026-08-06 08:44:13,17837.01,8337.0
2026-08-06 08:44:40,17788.01,8337.0
2026-08-06 08:45:49,26000.01,8337.0
2026-08-06 08:46:04,25875.01,8337.0
2026-08-06 08:47:04,25027.01,8337.0
2026-08-07 12:17:19,24902.01,8337.0
2026-08-10 20:30:13,24831.01,8337.0
2026-08-23 18:47:20,24309.52,8337.0
2026-09-09 15:23:59,23985.52,8337.0
2026-09-09 15:24:38,23094.57,8337.0
2026-09-09 15:25:12,23004.57,8337.0
2026-09-09 15:25:49,22925.57,8337.0
2026-09-09 15:26:27,22431.37,8337.0
2026-09-09 15:27:03,22191.37,8337.0
2026-09-09 15:27:36,22081.37,8337.0
2026-09-09 15:28:34,22081.37,8337.0
2026-09-09 15:29:17,21983.37,8337.0
2026-09-09 15:29:44,21874.37,8337.0
2026-09-09 15:30:15,21818.58,8337.0
2026-09-09 15:30:43,21758.58,8337.0
2026-09-09 15:33:25,21709.58,8337.0
2026-09-09 15:33:39,21709.58,8337.0
2026-09-09 15:34:10,21564.58,8337.0
2026-09-09 15:34:31,21429.58,8337.0
2026-09-09 15:36:50,29726.58,8337.0
2026-09-09 15:37:26,29436.58,8337.0
2026-09-09 15:37:48,29297.58,8337.0
2026-09-09 15:38:44,29187.58,8337.0
2026-09-09 15:42:58,29187.57,8337.0
2026-09-09 15:43:22,28017.87,8337.0
2026-09-23 17:38:04,27496.39,8337.0
2026-09-23 17:43:47,27371.39,8337.0
2026-09-23 17:44:19,27286.39,8337.0
2026-09-23 17:46:34,27173.39,8337.0
2026-09-23 17:46:55,27104.39,8337.0
2026-09-23 17:47:34,26765.89,8337.0
2026-09-23 17:48:17,26340.89,8337.0
2026-09-23 17:48:50,25689.09,8337.0
2026-09-23 17:49:10,24974.37,8337.0
2026-09-23 17:49:50,24865.37,8337.0
2026-09-23 17:50:25,24810.37,8337.0
2026-09-23 17:50:45,24700.37,8337.0
2026-09-23 17:53:04,24531.37,8337.0
2026-09-23 17:53:52,24621.37,8337.0
